Lines of code metrics,??? ??, 27 ??? 2022 20:02:06 IDT
Method,CLOC,JLOC,LOC,NCLOC,RLOC
com.example.demo.AboutController.getAboutButton(),0,0,3,3,4.69%
com.example.demo.AboutController.getEditProfileButton(),0,0,3,3,4.69%
com.example.demo.AboutController.getHomeButton(),0,0,3,3,4.69%
com.example.demo.AboutController.getLoanAgreementButton(),0,0,3,3,4.69%
com.example.demo.AboutController.getLogoutButton(),0,0,3,3,4.69%
com.example.demo.AboutController.getModifyAccountButton(),0,0,3,3,4.69%
com.example.demo.AboutController.getRegistrationAgreementButton(),0,0,3,3,4.69%
com.example.demo.AboutController.getUserAgreementButton(),0,0,3,3,4.69%
com.example.demo.AboutController.getWebLoader(),0,0,3,3,4.69%
com.example.demo.AboutController.initManager(AboutManager),0,0,29,29,45.31%
com.example.demo.AboutManager.AboutManager(Scene),0,0,3,3,7.50%
com.example.demo.AboutManager.getScene(),0,0,3,3,7.50%
com.example.demo.AboutManager.goBack(),0,0,13,13,32.50%
com.example.demo.AboutManager.initializeScreen(),0,0,16,16,40.00%
com.example.demo.AboutManagerTest.A1_initializeScreen(),1,0,17,16,30.91%
com.example.demo.AboutManagerTest.initSQL(),0,0,4,4,7.27%
com.example.demo.AboutManagerTest.start(Stage),4,0,28,24,50.91%
com.example.demo.BankerPanelController.controlsConfiguration(BankerPanelManager),4,0,75,71,35.38%
com.example.demo.BankerPanelController.getAboutButton(),0,0,3,3,1.42%
com.example.demo.BankerPanelController.getApproved_count(),0,0,3,3,1.42%
com.example.demo.BankerPanelController.getClient_name_col(),0,0,3,3,1.42%
com.example.demo.BankerPanelController.getEditProfileButton(),0,0,3,3,1.42%
com.example.demo.BankerPanelController.getHomeButton(),0,0,3,3,1.42%
com.example.demo.BankerPanelController.getLoan_amount_col(),0,0,3,3,1.42%
com.example.demo.BankerPanelController.getLoans_list(),0,0,3,3,1.42%
com.example.demo.BankerPanelController.getLogoutButton(),0,0,3,3,1.42%
com.example.demo.BankerPanelController.getMain_pane(),0,0,3,3,1.42%
com.example.demo.BankerPanelController.getModifyAccountButton(),0,0,3,3,1.42%
com.example.demo.BankerPanelController.getNote_img(),0,0,3,3,1.42%
com.example.demo.BankerPanelController.getPending_count(),0,0,3,3,1.42%
com.example.demo.BankerPanelController.getPopup_pane(),0,0,3,3,1.42%
com.example.demo.BankerPanelController.getReference_id_col(),0,0,3,3,1.42%
com.example.demo.BankerPanelController.getRejected_count(),0,0,3,3,1.42%
com.example.demo.BankerPanelController.getRemaining_amount_col(),0,0,3,3,1.42%
com.example.demo.BankerPanelController.getUnderstand_img(),0,0,3,3,1.42%
com.example.demo.BankerPanelController.initManager(BankerPanelManager),0,0,14,14,6.60%
"com.example.demo.BankerPanelController.initialize(URL, ResourceBundle)",0,0,10,10,4.72%
com.example.demo.BankerPanelController.itemsToTable(),4,5,21,16,9.91%
com.example.demo.BankerPanelController.propertyChange(PropertyChangeEvent),3,0,18,18,8.49%
com.example.demo.BankerPanelManager.BankerPanelManager(Scene),0,0,4,4,3.28%
"com.example.demo.BankerPanelManager.commitChange(TableView<LoansModel>, CellEditEvent<LoansModel, String>, CellEditEvent<LoansModel, Double>)",8,0,24,24,19.67%
com.example.demo.BankerPanelManager.countStatus(BankerPanelController),0,0,25,25,20.49%
com.example.demo.BankerPanelManager.edit(),0,0,4,4,3.28%
com.example.demo.BankerPanelManager.fetchMessages(),3,3,10,7,8.20%
com.example.demo.BankerPanelManager.getScene(),0,0,3,3,2.46%
com.example.demo.BankerPanelManager.goLogin(),0,0,4,4,3.28%
com.example.demo.BankerPanelManager.initializeScreen(),4,0,30,27,24.59%
com.example.demo.BankerPanelManager.inspectLoan(),0,0,4,4,3.28%
com.example.demo.BankerPanelManager.manageMessages(),0,0,4,4,3.28%
com.example.demo.BankerPanelManager.showTodoList(),0,0,4,4,3.28%
com.example.demo.BankerPanelManagerTest.A1_initializeScreen(),1,0,15,14,28.30%
com.example.demo.BankerPanelManagerTest.initSQL(),0,0,4,4,7.55%
com.example.demo.BankerPanelManagerTest.start(Stage),4,0,28,24,52.83%
com.example.demo.ClientLoansController.controlsConfiguration(ClientLoansManager),3,0,53,50,38.97%
com.example.demo.ClientLoansController.getAboutButton(),0,0,3,3,2.21%
com.example.demo.ClientLoansController.getEditProfileButton(),0,0,3,3,2.21%
com.example.demo.ClientLoansController.getHomeButton(),0,0,3,3,2.21%
com.example.demo.ClientLoansController.getLoans_list(),0,0,3,3,2.21%
com.example.demo.ClientLoansController.getLogoutButton(),0,0,3,3,2.21%
com.example.demo.ClientLoansController.getModifyAccountButton(),0,0,3,3,2.21%
com.example.demo.ClientLoansController.initManager(ClientLoansManager),0,0,3,3,2.21%
"com.example.demo.ClientLoansController.initialize(URL, ResourceBundle)",0,0,9,9,6.62%
com.example.demo.ClientLoansController.itemsToTable(),4,5,18,13,13.24%
com.example.demo.ClientLoansController.propertyChange(PropertyChangeEvent),3,0,18,18,13.24%
com.example.demo.ClientLoansManager.ClientLoansManager(Scene),0,0,4,4,5.88%
com.example.demo.ClientLoansManager.edit(),0,0,4,4,5.88%
com.example.demo.ClientLoansManager.fetchMessages(),3,3,10,7,14.71%
com.example.demo.ClientLoansManager.getScene(),0,0,3,3,4.41%
com.example.demo.ClientLoansManager.goLogin(),0,0,4,4,5.88%
com.example.demo.ClientLoansManager.initializeScreen(),4,0,29,26,42.65%
com.example.demo.ClientLoansManager.inspectLoan(),0,0,4,4,5.88%
com.example.demo.ClientLoansManager.manageMessages(),0,0,4,4,5.88%
"com.example.demo.ClientsModel.ClientsModel(int, String, String, String, String)",0,0,7,7,15.91%
com.example.demo.ClientsModel.getEmail(),0,0,3,3,6.82%
com.example.demo.ClientsModel.getId(),0,0,3,3,6.82%
com.example.demo.ClientsModel.getLast_logged_in(),0,0,3,3,6.82%
com.example.demo.ClientsModel.getRole(),0,0,3,3,6.82%
com.example.demo.ClientsModel.getUsername(),0,0,3,3,6.82%
com.example.demo.ClientsModel.last_logged_inProperty(),0,0,3,3,6.82%
com.example.demo.ClientsModel.setEmail(String),0,0,3,3,6.82%
com.example.demo.ClientsModel.setId(int),0,0,3,3,6.82%
com.example.demo.ClientsModel.setRole(String),0,0,3,3,6.82%
com.example.demo.ClientsModel.setUsername(String),0,0,3,3,6.82%
com.example.demo.ComplaintController.getComplain(),0,0,3,3,4.41%
com.example.demo.ComplaintController.getComplain_list(),0,0,3,3,4.41%
com.example.demo.ComplaintController.getMessage_body(),0,0,3,3,4.41%
com.example.demo.ComplaintController.getMessage_subject(),0,0,3,3,4.41%
com.example.demo.ComplaintController.getSend_message(),0,0,3,3,4.41%
com.example.demo.ComplaintController.initManager(ComplaintManager),2,0,25,25,36.76%
com.example.demo.ComplaintController.propertyChange(PropertyChangeEvent),0,0,13,13,19.12%
com.example.demo.ComplaintManager.ComplaintManager(Scene),0,0,4,4,8.33%
com.example.demo.ComplaintManager.getNotifier(),0,0,3,3,6.25%
com.example.demo.ComplaintManager.getScene(),0,0,3,3,6.25%
com.example.demo.ComplaintManager.initializeScreen(),0,0,15,15,31.25%
com.example.demo.ComplaintManager.returnToMessages(),0,0,4,4,8.33%
"com.example.demo.ComplaintManager.sendMessage(String, String, String)",0,0,13,13,27.08%
com.example.demo.ComplaintManagerTest.A1_initializeScreen(),1,0,15,14,23.08%
com.example.demo.ComplaintManagerTest.A2_sendMessage(),1,0,12,11,18.46%
com.example.demo.ComplaintManagerTest.initSQL(),0,0,4,4,6.15%
com.example.demo.ComplaintManagerTest.start(Stage),3,0,28,25,43.08%
com.example.demo.EditProfileController.getAddress(),0,0,3,3,6.52%
com.example.demo.EditProfileController.getBank_number(),0,0,3,3,6.52%
com.example.demo.EditProfileController.getCity(),0,0,3,3,6.52%
com.example.demo.EditProfileController.getCountry(),0,0,3,3,6.52%
com.example.demo.EditProfileController.getFirstname(),0,0,3,3,6.52%
com.example.demo.EditProfileController.getLastname(),0,0,3,3,6.52%
com.example.demo.EditProfileController.getPhone(),0,0,3,3,6.52%
com.example.demo.EditProfileController.getZipcode(),0,0,3,3,6.52%
com.example.demo.EditProfileController.initManager(EditProfileManager),0,0,14,14,30.43%
com.example.demo.EditProfileManager.EditProfileManager(Scene),0,0,3,3,3.70%
com.example.demo.EditProfileManager.fetchFormData(EditProfileController),0,0,26,26,32.10%
com.example.demo.EditProfileManager.getScene(),0,0,3,3,3.70%
com.example.demo.EditProfileManager.goBack(),3,3,16,13,19.75%
com.example.demo.EditProfileManager.initializeScreen(),0,0,14,14,17.28%
com.example.demo.EditProfileManager.updateFormData(EditProfileController),0,0,16,16,19.75%
com.example.demo.EditProfileManagerTest.A1_testInitializeScreen(),12,0,48,36,31.79%
com.example.demo.EditProfileManagerTest.A2_updateFormData(),16,0,75,63,49.67%
com.example.demo.EditProfileManagerTest.initSQL(),0,0,4,4,2.65%
com.example.demo.EditProfileManagerTest.start(Stage),1,0,17,16,11.26%
com.example.demo.FLAG_DOCUMENT_10.FLAG_DOCUMENT_10(int),0,0,3,3,21.43%
com.example.demo.FLAG_DOCUMENT_10.toString(),0,0,4,4,28.57%
com.example.demo.FLAG_DOCUMENT_10.value(),0,0,3,3,21.43%
com.example.demo.FLAG_DOCUMENT_11.FLAG_DOCUMENT_11(int),0,0,3,3,21.43%
com.example.demo.FLAG_DOCUMENT_11.toString(),0,0,4,4,28.57%
com.example.demo.FLAG_DOCUMENT_11.value(),0,0,3,3,21.43%
com.example.demo.FLAG_DOCUMENT_12.FLAG_DOCUMENT_12(int),0,0,3,3,21.43%
com.example.demo.FLAG_DOCUMENT_12.toString(),0,0,4,4,28.57%
com.example.demo.FLAG_DOCUMENT_12.value(),0,0,3,3,21.43%
com.example.demo.FLAG_DOCUMENT_13.FLAG_DOCUMENT_13(int),0,0,3,3,21.43%
com.example.demo.FLAG_DOCUMENT_13.toString(),0,0,4,4,28.57%
com.example.demo.FLAG_DOCUMENT_13.value(),0,0,3,3,21.43%
com.example.demo.FLAG_DOCUMENT_14.FLAG_DOCUMENT_14(int),0,0,3,3,21.43%
com.example.demo.FLAG_DOCUMENT_14.toString(),0,0,4,4,28.57%
com.example.demo.FLAG_DOCUMENT_14.value(),0,0,3,3,21.43%
com.example.demo.FLAG_DOCUMENT_15.FLAG_DOCUMENT_15(int),0,0,3,3,21.43%
com.example.demo.FLAG_DOCUMENT_15.toString(),0,0,4,4,28.57%
com.example.demo.FLAG_DOCUMENT_15.value(),0,0,3,3,21.43%
com.example.demo.FLAG_DOCUMENT_16.FLAG_DOCUMENT_16(int),0,0,3,3,21.43%
com.example.demo.FLAG_DOCUMENT_16.toString(),0,0,4,4,28.57%
com.example.demo.FLAG_DOCUMENT_16.value(),0,0,3,3,21.43%
com.example.demo.FLAG_DOCUMENT_17.FLAG_DOCUMENT_17(int),0,0,3,3,21.43%
com.example.demo.FLAG_DOCUMENT_17.toString(),0,0,4,4,28.57%
com.example.demo.FLAG_DOCUMENT_17.value(),0,0,3,3,21.43%
com.example.demo.FLAG_DOCUMENT_18.FLAG_DOCUMENT_18(int),0,0,3,3,21.43%
com.example.demo.FLAG_DOCUMENT_18.toString(),0,0,4,4,28.57%
com.example.demo.FLAG_DOCUMENT_18.value(),0,0,3,3,21.43%
com.example.demo.FLAG_DOCUMENT_19.FLAG_DOCUMENT_19(int),0,0,3,3,21.43%
com.example.demo.FLAG_DOCUMENT_19.toString(),0,0,4,4,28.57%
com.example.demo.FLAG_DOCUMENT_19.value(),0,0,3,3,21.43%
com.example.demo.FLAG_DOCUMENT_2.FLAG_DOCUMENT_2(int),0,0,3,3,21.43%
com.example.demo.FLAG_DOCUMENT_2.toString(),0,0,4,4,28.57%
com.example.demo.FLAG_DOCUMENT_2.value(),0,0,3,3,21.43%
com.example.demo.FLAG_DOCUMENT_20.FLAG_DOCUMENT_20(int),0,0,3,3,21.43%
com.example.demo.FLAG_DOCUMENT_20.toString(),0,0,4,4,28.57%
com.example.demo.FLAG_DOCUMENT_20.value(),0,0,3,3,21.43%
com.example.demo.FLAG_DOCUMENT_21.FLAG_DOCUMENT_21(int),0,0,3,3,21.43%
com.example.demo.FLAG_DOCUMENT_21.toString(),0,0,4,4,28.57%
com.example.demo.FLAG_DOCUMENT_21.value(),0,0,3,3,21.43%
com.example.demo.FLAG_DOCUMENT_3.FLAG_DOCUMENT_3(int),0,0,3,3,21.43%
com.example.demo.FLAG_DOCUMENT_3.toString(),0,0,4,4,28.57%
com.example.demo.FLAG_DOCUMENT_3.value(),0,0,3,3,21.43%
com.example.demo.FLAG_DOCUMENT_4.FLAG_DOCUMENT_4(int),0,0,3,3,21.43%
com.example.demo.FLAG_DOCUMENT_4.toString(),0,0,4,4,28.57%
com.example.demo.FLAG_DOCUMENT_4.value(),0,0,3,3,21.43%
com.example.demo.FLAG_DOCUMENT_5.FLAG_DOCUMENT_5(int),0,0,3,3,21.43%
com.example.demo.FLAG_DOCUMENT_5.toString(),0,0,4,4,28.57%
com.example.demo.FLAG_DOCUMENT_5.value(),0,0,3,3,21.43%
com.example.demo.FLAG_DOCUMENT_6.FLAG_DOCUMENT_6(int),0,0,3,3,21.43%
com.example.demo.FLAG_DOCUMENT_6.toString(),0,0,4,4,28.57%
com.example.demo.FLAG_DOCUMENT_6.value(),0,0,3,3,21.43%
com.example.demo.FLAG_DOCUMENT_7.FLAG_DOCUMENT_7(int),0,0,3,3,21.43%
com.example.demo.FLAG_DOCUMENT_7.toString(),0,0,4,4,28.57%
com.example.demo.FLAG_DOCUMENT_7.value(),0,0,3,3,21.43%
com.example.demo.FLAG_DOCUMENT_8.FLAG_DOCUMENT_8(int),0,0,3,3,21.43%
com.example.demo.FLAG_DOCUMENT_8.toString(),0,0,4,4,28.57%
com.example.demo.FLAG_DOCUMENT_8.value(),0,0,3,3,21.43%
com.example.demo.FLAG_DOCUMENT_9.FLAG_DOCUMENT_9(int),0,0,3,3,21.43%
com.example.demo.FLAG_DOCUMENT_9.toString(),0,0,4,4,28.57%
com.example.demo.FLAG_DOCUMENT_9.value(),0,0,3,3,21.43%
com.example.demo.FLAG_EMAIL.FLAG_EMAIL(int),0,0,3,3,21.43%
com.example.demo.FLAG_EMAIL.toString(),0,0,4,4,28.57%
com.example.demo.FLAG_EMAIL.value(),0,0,3,3,21.43%
com.example.demo.FLAG_EMP_PHONE.FLAG_EMP_PHONE(int),0,0,3,3,21.43%
com.example.demo.FLAG_EMP_PHONE.toString(),0,0,4,4,28.57%
com.example.demo.FLAG_EMP_PHONE.value(),0,0,3,3,21.43%
com.example.demo.FLAG_MOBIL.FLAG_MOBIL(int),0,0,3,3,21.43%
com.example.demo.FLAG_MOBIL.toString(),0,0,4,4,28.57%
com.example.demo.FLAG_MOBIL.value(),0,0,3,3,21.43%
com.example.demo.FLAG_OWN_CAR.FLAG_OWN_CAR(int),0,0,3,3,20.00%
com.example.demo.FLAG_OWN_CAR.toString(),0,0,4,4,26.67%
com.example.demo.FLAG_OWN_CAR.value(),0,0,3,3,20.00%
com.example.demo.FLAG_OWN_REALTY.FLAG_OWN_REALTY(int),0,0,3,3,20.00%
com.example.demo.FLAG_OWN_REALTY.toString(),0,0,4,4,26.67%
com.example.demo.FLAG_OWN_REALTY.value(),0,0,3,3,20.00%
com.example.demo.FLAG_PHONE.FLAG_PHONE(int),0,0,3,3,21.43%
com.example.demo.FLAG_PHONE.toString(),0,0,4,4,28.57%
com.example.demo.FLAG_PHONE.value(),0,0,3,3,21.43%
com.example.demo.FLAG_WORK_PHONE.FLAG_WORK_PHONE(int),0,0,3,3,21.43%
com.example.demo.FLAG_WORK_PHONE.toString(),0,0,4,4,28.57%
com.example.demo.FLAG_WORK_PHONE.value(),0,0,3,3,21.43%
"com.example.demo.ForgotPasswordController.correctDetails(ForgotPasswordManager, int)",0,0,11,11,20.00%
com.example.demo.ForgotPasswordController.incorrectDetails(),0,0,9,9,16.36%
com.example.demo.ForgotPasswordController.initManager(ForgotPasswordManager),3,3,24,21,43.64%
com.example.demo.ForgotPasswordManager.ForgotPasswordManager(Scene),0,0,3,3,4.29%
"com.example.demo.ForgotPasswordManager.authorize(String, String)",3,3,17,14,24.29%
com.example.demo.ForgotPasswordManager.getScene(),0,0,3,3,4.29%
com.example.demo.ForgotPasswordManager.goWelcome(),3,3,7,4,10.00%
com.example.demo.ForgotPasswordManager.initializeScreen(),0,0,15,15,21.43%
"com.example.demo.ForgotPasswordManager.updatePassword(TextField, TextField, Label, int)",0,0,15,15,21.43%
com.example.demo.FormAdapter.FormAdapter(Preferences),0,0,3,3,0.46%
com.example.demo.FormAdapter.Gender(),0,0,7,7,1.08%
com.example.demo.FormAdapter.OccupationType(),0,0,37,37,5.73%
com.example.demo.FormAdapter.flagDocument1(),0,0,7,7,1.08%
com.example.demo.FormAdapter.flagDocument10(),0,0,7,7,1.08%
com.example.demo.FormAdapter.flagDocument11(),0,0,7,7,1.08%
com.example.demo.FormAdapter.flagDocument12(),0,0,7,7,1.08%
com.example.demo.FormAdapter.flagDocument13(),0,0,7,7,1.08%
com.example.demo.FormAdapter.flagDocument14(),0,0,7,7,1.08%
com.example.demo.FormAdapter.flagDocument15(),0,0,7,7,1.08%
com.example.demo.FormAdapter.flagDocument16(),0,0,7,7,1.08%
com.example.demo.FormAdapter.flagDocument17(),0,0,7,7,1.08%
com.example.demo.FormAdapter.flagDocument18(),0,0,7,7,1.08%
com.example.demo.FormAdapter.flagDocument19(),0,0,7,7,1.08%
com.example.demo.FormAdapter.flagDocument2(),0,0,7,7,1.08%
com.example.demo.FormAdapter.flagDocument20(),0,0,7,7,1.08%
com.example.demo.FormAdapter.flagDocument3(),0,0,7,7,1.08%
com.example.demo.FormAdapter.flagDocument4(),0,0,7,7,1.08%
com.example.demo.FormAdapter.flagDocument5(),0,0,7,7,1.08%
com.example.demo.FormAdapter.flagDocument6(),0,0,7,7,1.08%
com.example.demo.FormAdapter.flagDocument7(),0,0,7,7,1.08%
com.example.demo.FormAdapter.flagDocument8(),0,0,7,7,1.08%
com.example.demo.FormAdapter.flagDocument9(),0,0,7,7,1.08%
com.example.demo.FormAdapter.flagEmail(),0,0,7,7,1.08%
com.example.demo.FormAdapter.flagEmployeePhone(),0,0,3,3,0.46%
com.example.demo.FormAdapter.flagMobilePhone(),0,0,7,7,1.08%
com.example.demo.FormAdapter.flagOwnCar(),0,0,7,7,1.08%
com.example.demo.FormAdapter.flagOwnRealty(),0,0,7,7,1.08%
com.example.demo.FormAdapter.flagPrivatePhone(),0,0,3,3,0.46%
com.example.demo.FormAdapter.flagWorkPhone(),0,0,7,7,1.08%
com.example.demo.FormAdapter.isNumeric(String),0,0,11,11,1.70%
com.example.demo.FormAdapter.nameEducation(),0,0,13,13,2.01%
com.example.demo.FormAdapter.nameFamilyStatus(),0,0,15,15,2.32%
com.example.demo.FormAdapter.nameHousingType(),0,0,15,15,2.32%
com.example.demo.FormAdapter.organizationType(),0,0,73,73,11.30%
com.example.demo.FormAdapter.preferencesConverter(),0,0,47,47,7.28%
com.example.demo.FormAdapter.regionPopulationRelative(),0,0,8,8,1.24%
com.example.demo.FormAdapter.regionRatingClient(),0,0,9,9,1.39%
com.example.demo.GENDER.GENDER(int),0,0,3,3,21.43%
com.example.demo.GENDER.toString(),0,0,4,4,28.57%
com.example.demo.GENDER.value(),0,0,3,3,21.43%
com.example.demo.InspectLoanController.fetchLoan(),0,0,89,89,88.12%
"com.example.demo.InspectLoanController.initManager(InspectLoanManager, int)",1,0,5,5,4.95%
com.example.demo.InspectLoanManager.InspectLoanManager(Scene),0,0,3,3,7.69%
com.example.demo.InspectLoanManager.getScene(),0,0,3,3,7.69%
com.example.demo.InspectLoanManager.goBack(),0,0,13,13,33.33%
com.example.demo.InspectLoanManager.initializeScreen(int),0,0,15,15,38.46%
com.example.demo.Launcher.main(String[]),0,0,3,3,60.00%
com.example.demo.LoanApp.getScene(),0,0,3,3,4.84%
com.example.demo.LoanApp.main(String[]),0,0,3,3,4.84%
"com.example.demo.LoanApp.markRedBox(Object, boolean)",0,0,32,32,51.61%
com.example.demo.LoanApp.start(Stage),1,0,14,13,22.58%
com.example.demo.LoanController.Address(),0,0,3,3,0.54%
com.example.demo.LoanController.Agreement(),0,0,3,3,0.54%
com.example.demo.LoanController.City(),0,0,3,3,0.54%
com.example.demo.LoanController.Country(),0,0,3,3,0.54%
com.example.demo.LoanController.Email(),0,0,3,3,0.54%
com.example.demo.LoanController.EmailNA(),0,0,3,3,0.54%
com.example.demo.LoanController.Gender(),0,0,3,3,0.54%
com.example.demo.LoanController.LivingType(),0,0,3,3,0.54%
com.example.demo.LoanController.State(),0,0,3,3,0.54%
com.example.demo.LoanController.Zipcode(),0,0,3,3,0.54%
com.example.demo.LoanController.checkBoxToTextField(TextField),0,0,3,3,0.54%
com.example.demo.LoanController.childrensAmount(),0,0,3,3,0.54%
com.example.demo.LoanController.dateOfBirth(),0,0,3,3,0.54%
com.example.demo.LoanController.dateToDays(DatePicker),0,0,6,6,1.08%
com.example.demo.LoanController.daysEmployed(),0,0,3,3,0.54%
com.example.demo.LoanController.daysToDate(int),0,0,5,5,0.90%
com.example.demo.LoanController.docButton0(),0,0,3,3,0.54%
com.example.demo.LoanController.docButton1(),0,0,3,3,0.54%
com.example.demo.LoanController.docButton10(),0,0,3,3,0.54%
com.example.demo.LoanController.docButton11(),0,0,3,3,0.54%
com.example.demo.LoanController.docButton12(),0,0,3,3,0.54%
com.example.demo.LoanController.docButton13(),0,0,3,3,0.54%
com.example.demo.LoanController.docButton14(),0,0,3,3,0.54%
com.example.demo.LoanController.docButton15(),0,0,3,3,0.54%
com.example.demo.LoanController.docButton16(),0,0,3,3,0.54%
com.example.demo.LoanController.docButton17(),0,0,3,3,0.54%
com.example.demo.LoanController.docButton18(),0,0,3,3,0.54%
com.example.demo.LoanController.docButton19(),0,0,3,3,0.54%
com.example.demo.LoanController.docButton2(),0,0,3,3,0.54%
com.example.demo.LoanController.docButton3(),0,0,3,3,0.54%
com.example.demo.LoanController.docButton4(),0,0,3,3,0.54%
com.example.demo.LoanController.docButton5(),0,0,3,3,0.54%
com.example.demo.LoanController.docButton6(),0,0,3,3,0.54%
com.example.demo.LoanController.docButton7(),0,0,3,3,0.54%
com.example.demo.LoanController.docButton8(),0,0,3,3,0.54%
com.example.demo.LoanController.docButton9(),0,0,3,3,0.54%
com.example.demo.LoanController.educationLevel(),0,0,3,3,0.54%
com.example.demo.LoanController.familyMembers(),0,0,3,3,0.54%
com.example.demo.LoanController.familyStatus(),0,0,3,3,0.54%
com.example.demo.LoanController.fullName(),0,0,3,3,0.54%
com.example.demo.LoanController.getAddress(),0,0,3,3,0.54%
com.example.demo.LoanController.getAddress_name_label(),0,0,3,3,0.54%
com.example.demo.LoanController.getApproved_loan_label(),0,0,3,3,0.54%
com.example.demo.LoanController.getCity(),0,0,3,3,0.54%
com.example.demo.LoanController.getCountry(),0,0,3,3,0.54%
com.example.demo.LoanController.getCountry_label(),0,0,3,3,0.54%
com.example.demo.LoanController.getCounty_label(),0,0,3,3,0.54%
com.example.demo.LoanController.getDate_of_birth(),0,0,3,3,0.54%
com.example.demo.LoanController.getDoc_btn_0(),0,0,3,3,0.54%
com.example.demo.LoanController.getDoc_btn_1(),0,0,3,3,0.54%
com.example.demo.LoanController.getDoc_btn_10(),0,0,3,3,0.54%
com.example.demo.LoanController.getDoc_btn_11(),0,0,3,3,0.54%
com.example.demo.LoanController.getDoc_btn_12(),0,0,3,3,0.54%
com.example.demo.LoanController.getDoc_btn_13(),0,0,3,3,0.54%
com.example.demo.LoanController.getDoc_btn_14(),0,0,3,3,0.54%
com.example.demo.LoanController.getDoc_btn_15(),0,0,3,3,0.54%
com.example.demo.LoanController.getDoc_btn_16(),0,0,3,3,0.54%
com.example.demo.LoanController.getDoc_btn_17(),0,0,3,3,0.54%
com.example.demo.LoanController.getDoc_btn_18(),0,0,3,3,0.54%
com.example.demo.LoanController.getDoc_btn_19(),0,0,3,3,0.54%
com.example.demo.LoanController.getDoc_btn_2(),0,0,3,3,0.54%
com.example.demo.LoanController.getDoc_btn_3(),0,0,3,3,0.54%
com.example.demo.LoanController.getDoc_btn_4(),0,0,3,3,0.54%
com.example.demo.LoanController.getDoc_btn_5(),0,0,3,3,0.54%
com.example.demo.LoanController.getDoc_btn_6(),0,0,3,3,0.54%
com.example.demo.LoanController.getDoc_btn_7(),0,0,3,3,0.54%
com.example.demo.LoanController.getDoc_btn_8(),0,0,3,3,0.54%
com.example.demo.LoanController.getDoc_btn_9(),0,0,3,3,0.54%
com.example.demo.LoanController.getEmail(),0,0,3,3,0.54%
com.example.demo.LoanController.getFull_name(),0,0,3,3,0.54%
com.example.demo.LoanController.getFull_name_label(),0,0,3,3,0.54%
com.example.demo.LoanController.getGender(),0,0,3,3,0.54%
com.example.demo.LoanController.getLoan_amount(),0,0,3,3,0.54%
com.example.demo.LoanController.getNextBtn(),0,0,3,3,0.54%
com.example.demo.LoanController.getOriginal_loan_label(),0,0,3,3,0.54%
com.example.demo.LoanController.getProperty_value(),0,0,3,3,0.54%
com.example.demo.LoanController.getTotal_income(),0,0,3,3,0.54%
com.example.demo.LoanController.getZipcode(),0,0,3,3,0.54%
com.example.demo.LoanController.homePhone(),0,0,3,3,0.54%
com.example.demo.LoanController.homePhoneNA(),0,0,3,3,0.54%
com.example.demo.LoanController.initManager(LoanManager),7,3,27,23,4.86%
com.example.demo.LoanController.initManager2(LoanManager),4,3,25,21,4.50%
com.example.demo.LoanController.initManager3(LoanManager),5,3,16,13,2.88%
com.example.demo.LoanController.initManager4(LoanManager),3,3,10,7,1.80%
com.example.demo.LoanController.initManager5(LoanManager),3,3,10,7,1.80%
com.example.demo.LoanController.initManager6(LoanManager),3,3,7,4,1.26%
com.example.demo.LoanController.initManager7(LoanManager),4,3,19,16,3.42%
"com.example.demo.LoanController.inverseCheckBoxToTextField(TextField, CheckBox)",0,0,3,3,0.54%
com.example.demo.LoanController.isFormInvalid(int),5,0,126,123,22.66%
com.example.demo.LoanController.loadingStatus(),0,0,3,3,0.54%
com.example.demo.LoanController.loanAmount(),0,0,3,3,0.54%
com.example.demo.LoanController.mobilePhone(),0,0,3,3,0.54%
com.example.demo.LoanController.mobilePhoneNA(),0,0,3,3,0.54%
com.example.demo.LoanController.occupationType(),0,0,3,3,0.54%
com.example.demo.LoanController.organizationType(),0,0,3,3,0.54%
com.example.demo.LoanController.ownCarAge(),0,0,3,3,0.54%
com.example.demo.LoanController.ownCarFlag(),0,0,3,3,0.54%
com.example.demo.LoanController.ownRealtyFlag(),0,0,3,3,0.54%
com.example.demo.LoanController.propertyValue(),0,0,3,3,0.54%
com.example.demo.LoanController.totalIncome(),0,0,3,3,0.54%
com.example.demo.LoanController.workPhone(),0,0,3,3,0.54%
com.example.demo.LoanController.workPhoneNA(),0,0,3,3,0.54%
com.example.demo.LoanManager.LoanManager(Scene),4,0,10,9,1.93%
com.example.demo.LoanManager.continueRegistrationScreen(),0,0,4,4,0.77%
com.example.demo.LoanManager.formDataToCSV(),7,0,11,11,2.13%
com.example.demo.LoanManager.getReferenceID(int),6,0,26,20,5.03%
com.example.demo.LoanManager.getScene(),0,0,3,3,0.58%
com.example.demo.LoanManager.initializeScreen(),5,3,19,16,3.68%
com.example.demo.LoanManager.loanResult(Matrix),4,0,20,20,3.87%
com.example.demo.LoanManager.nextPage(int),8,0,128,128,24.76%
com.example.demo.LoanManager.normalizeCSV(),1,0,16,16,3.09%
com.example.demo.LoanManager.propertyChange(PropertyChangeEvent),0,0,26,26,5.03%
com.example.demo.LoanManager.reloadForm(),13,0,127,115,24.56%
com.example.demo.LoanManager.returnWelcomeScreen(),3,3,7,4,1.35%
com.example.demo.LoanManager.savePage1(),1,0,19,19,3.68%
com.example.demo.LoanManager.savePage2(),1,0,25,25,4.84%
com.example.demo.LoanManager.savePage3(),1,0,23,23,4.45%
com.example.demo.LoanManager.savePage4(),1,0,23,23,4.45%
com.example.demo.LoanManager.savePage5(),0,0,3,3,0.58%
com.example.demo.LoanManager.updateStatus(String),1,0,5,5,0.97%
com.example.demo.LoanManagerTest.A1_initializeScreen(),5,0,67,62,72.83%
com.example.demo.LoanManagerTest.initSQL(),0,0,4,4,4.35%
com.example.demo.LoanManagerTest.start(Stage),1,0,15,14,16.30%
com.example.demo.LoansGraphController.getAboutButton(),0,0,3,3,4.05%
com.example.demo.LoansGraphController.getEditProfileButton(),0,0,3,3,4.05%
com.example.demo.LoansGraphController.getHomeButton(),0,0,3,3,4.05%
com.example.demo.LoansGraphController.getLogoutButton(),0,0,3,3,4.05%
com.example.demo.LoansGraphController.getModifyAccountButton(),0,0,3,3,4.05%
com.example.demo.LoansGraphController.initManager(LoansGraphManager),1,0,18,18,24.32%
com.example.demo.LoansGraphController.loadPieChart(),6,0,33,27,44.59%
com.example.demo.LoansGraphManager.LoansGraphManager(Scene),0,0,3,3,8.11%
com.example.demo.LoansGraphManager.getScene(),0,0,3,3,8.11%
com.example.demo.LoansGraphManager.goBack(),0,0,11,11,29.73%
com.example.demo.LoansGraphManager.initializeScreen(),0,0,15,15,40.54%
"com.example.demo.LoansModel.LoansModel(int, String, String, String, double, double, String)",0,0,9,9,15.00%
com.example.demo.LoansModel.client_nameProperty(),0,0,3,3,5.00%
com.example.demo.LoansModel.getClient_name(),0,0,3,3,5.00%
com.example.demo.LoansModel.getId(),0,0,3,3,5.00%
com.example.demo.LoansModel.getLoan_amount(),0,0,3,3,5.00%
com.example.demo.LoansModel.getReference_id(),0,0,3,3,5.00%
com.example.demo.LoansModel.getRemaining_amount(),0,0,3,3,5.00%
com.example.demo.LoansModel.getRequest_date(),0,0,3,3,5.00%
com.example.demo.LoansModel.getStatus(),0,0,3,3,5.00%
com.example.demo.LoansModel.idProperty(),0,0,3,3,5.00%
com.example.demo.LoansModel.loan_amountProperty(),0,0,3,3,5.00%
com.example.demo.LoansModel.reference_idProperty(),0,0,3,3,5.00%
com.example.demo.LoansModel.remaining_amountProperty(),0,0,3,3,5.00%
com.example.demo.LoansModel.request_dateProperty(),0,0,3,3,5.00%
com.example.demo.LoansModel.statusProperty(),0,0,3,3,5.00%
com.example.demo.LogOutViewController.initialize(),0,0,2,2,40.00%
com.example.demo.LoginController.getBack(),0,0,3,3,4.92%
com.example.demo.LoginController.getLoginButton(),0,0,3,3,4.92%
com.example.demo.LoginController.getPassword(),0,0,3,3,4.92%
com.example.demo.LoginController.getUser(),0,0,3,3,4.92%
com.example.demo.LoginController.incorrectLogin(),0,0,7,7,11.48%
com.example.demo.LoginController.initManager(LoginManager),3,3,19,16,31.15%
com.example.demo.LoginController.onEnter(ActionEvent),0,0,11,11,18.03%
com.example.demo.LoginManager.LoginManager(Scene),0,0,3,3,3.37%
com.example.demo.LoginManager.ManagerPanel(),0,0,4,4,4.49%
"com.example.demo.LoginManager.authorize(String, String)",5,3,28,24,31.46%
com.example.demo.LoginManager.bankerPanel(),0,0,4,4,4.49%
com.example.demo.LoginManager.forgotPassword(),3,3,7,4,7.87%
com.example.demo.LoginManager.getScene(),0,0,3,3,3.37%
com.example.demo.LoginManager.goWelcome(),3,3,7,4,7.87%
com.example.demo.LoginManager.initializeScreen(),0,0,17,17,19.10%
com.example.demo.LoginManager.userPanel(),3,3,7,4,7.87%
com.example.demo.LoginManagerTest.A1_initializeScreen(),0,0,9,9,10.47%
com.example.demo.LoginManagerTest.A2_authorize(),14,0,50,36,58.14%
com.example.demo.LoginManagerTest.initSQL(),0,0,4,4,4.65%
com.example.demo.LoginManagerTest.start(Stage),1,0,17,16,19.77%
com.example.demo.ManageUsersController.controlsConfiguration(ManageUsersManager),4,0,39,35,40.62%
com.example.demo.ManageUsersController.getSearch_criterion(),0,0,3,3,3.12%
com.example.demo.ManageUsersController.getUsers_list(),0,0,3,3,3.12%
com.example.demo.ManageUsersController.initManager(ManageUsersManager),0,0,3,3,3.12%
"com.example.demo.ManageUsersController.initialize(URL, ResourceBundle)",0,0,9,9,9.38%
com.example.demo.ManageUsersController.itemsToTable(),4,5,22,17,22.92%
com.example.demo.ManageUsersManager.ManageUsersManager(Scene),0,0,3,3,2.75%
"com.example.demo.ManageUsersManager.commitChange(TableView<ClientsModel>, CellEditEvent<ClientsModel, String>)",5,0,22,22,20.18%
com.example.demo.ManageUsersManager.confirmDeletion(String),0,0,5,5,4.59%
com.example.demo.ManageUsersManager.deleteUser(TableView<ClientsModel>),0,0,8,8,7.34%
com.example.demo.ManageUsersManager.editProfile(),0,0,4,4,3.67%
"com.example.demo.ManageUsersManager.filterUsers(TableView<ClientsModel>, TextField, ObservableList<ClientsModel>, ComboBox<String>)",7,8,29,21,26.61%
com.example.demo.ManageUsersManager.getScene(),0,0,3,3,2.75%
com.example.demo.ManageUsersManager.goBack(),0,0,12,12,11.01%
com.example.demo.ManageUsersManager.initializeScreen(),0,0,13,13,11.93%
com.example.demo.ManageUsersManager.logOut(),0,0,4,4,3.67%
com.example.demo.ManageUsersManagerTest.A1_initializeScreen(),1,0,14,13,21.88%
com.example.demo.ManageUsersManagerTest.A2_filterUsers(),1,0,12,11,18.75%
com.example.demo.ManageUsersManagerTest.initSQL(),0,0,4,4,6.25%
com.example.demo.ManageUsersManagerTest.start(Stage),3,0,28,25,43.75%
com.example.demo.ManagerPanelController.controlsConfiguration(ManagerPanelManager),3,0,41,38,36.61%
com.example.demo.ManagerPanelController.getStackpane(),0,0,3,3,2.68%
com.example.demo.ManagerPanelController.initManager(ManagerPanelManager),0,0,3,3,2.68%
com.example.demo.ManagerPanelController.loadChart(String),4,0,35,35,31.25%
com.example.demo.ManagerPanelController.propertyChange(PropertyChangeEvent),3,0,18,18,16.07%
com.example.demo.ManagerPanelManager.ManagerPanelManager(Scene),0,0,4,4,5.88%
com.example.demo.ManagerPanelManager.fetchMessages(),3,3,10,7,14.71%
com.example.demo.ManagerPanelManager.getScene(),0,0,3,3,4.41%
com.example.demo.ManagerPanelManager.goLogin(),0,0,4,4,5.88%
com.example.demo.ManagerPanelManager.initializeScreen(),4,0,29,26,42.65%
com.example.demo.ManagerPanelManager.manageClients(),0,0,4,4,5.88%
com.example.demo.ManagerPanelManager.manageMessages(),0,0,4,4,5.88%
com.example.demo.ManagerPanelManager.modifyAccount(),0,0,4,4,5.88%
"com.example.demo.MessageModel.MessageModel(int, String, String, String, String)",0,0,7,7,20.00%
com.example.demo.MessageModel.getID(),0,0,3,3,8.57%
com.example.demo.MessageModel.getMessage(),0,0,3,3,8.57%
com.example.demo.MessageModel.getSender(),0,0,3,3,8.57%
com.example.demo.MessageModel.getSubject(),0,0,3,3,8.57%
com.example.demo.MessageModel.getTime(),0,0,3,3,8.57%
com.example.demo.MessageModel.setMessage(String),0,0,3,3,8.57%
com.example.demo.MessageModel.setTime(String),0,0,3,3,8.57%
com.example.demo.MessagesPanelController.controlsConfiguration(MessagesPanelManager),1,0,22,21,34.38%
com.example.demo.MessagesPanelController.initManager(MessagesPanelManager),0,0,3,3,4.69%
"com.example.demo.MessagesPanelController.initialize(URL, ResourceBundle)",0,0,8,8,12.50%
com.example.demo.MessagesPanelController.messagesToTable(),4,5,18,13,28.12%
com.example.demo.MessagesPanelManager.MessagesPanelManager(Scene),0,0,3,3,4.35%
com.example.demo.MessagesPanelManager.deleteMessage(TableView<MessageModel>),0,0,6,6,8.70%
com.example.demo.MessagesPanelManager.edit(),0,0,4,4,5.80%
com.example.demo.MessagesPanelManager.getScene(),0,0,3,3,4.35%
com.example.demo.MessagesPanelManager.goBack(),0,0,13,13,18.84%
com.example.demo.MessagesPanelManager.initializeScreen(),0,0,15,15,21.74%
com.example.demo.MessagesPanelManager.logOut(),0,0,4,4,5.80%
com.example.demo.MessagesPanelManager.manage(),0,0,4,4,5.80%
com.example.demo.MessagesPanelManager.replyMessage(MessageModel),0,0,6,6,8.70%
com.example.demo.MessagesPanelManager.viewMessage(MessageModel),0,0,6,6,8.70%
com.example.demo.MessagesPanelManagerTest.A1_testInitializeScreen(),1,0,13,12,13.27%
com.example.demo.MessagesPanelManagerTest.A2_testViewMessage(),1,0,15,14,15.31%
com.example.demo.MessagesPanelManagerTest.A3_testReplyMessage(),1,0,19,18,19.39%
com.example.demo.MessagesPanelManagerTest.A4_testDeleteMessage(),1,0,12,11,12.24%
com.example.demo.MessagesPanelManagerTest.initSQL(),0,0,4,4,4.08%
com.example.demo.MessagesPanelManagerTest.start(Stage),3,0,28,25,28.57%
com.example.demo.ModifyAccountController.getEmail(),0,0,3,3,10.71%
com.example.demo.ModifyAccountController.getPassword(),0,0,3,3,10.71%
com.example.demo.ModifyAccountController.getUsername(),0,0,3,3,10.71%
com.example.demo.ModifyAccountController.initManager(ModifyAccountManager),1,0,13,12,46.43%
com.example.demo.ModifyAccountManager.ModifyAccountManager(Scene),0,0,3,3,3.85%
com.example.demo.ModifyAccountManager.deleteUserAccount(),0,0,22,22,28.21%
com.example.demo.ModifyAccountManager.fetchFormData(ModifyAccountController),0,0,10,10,12.82%
com.example.demo.ModifyAccountManager.goBack(),3,3,16,13,20.51%
com.example.demo.ModifyAccountManager.initializeScreen(),0,0,14,14,17.95%
com.example.demo.ModifyAccountManager.updateFormData(ModifyAccountController),0,0,10,10,12.82%
com.example.demo.ModifyUserController.controlsConfiguration(ModifyUserManager),4,0,38,34,42.70%
com.example.demo.ModifyUserController.initManager(ModifyUserManager),0,0,3,3,3.37%
"com.example.demo.ModifyUserController.initialize(URL, ResourceBundle)",0,0,9,9,10.11%
com.example.demo.ModifyUserController.itemsToTable(),4,5,22,17,24.72%
com.example.demo.ModifyUserManager.ModifyUserManager(Scene),0,0,3,3,2.86%
"com.example.demo.ModifyUserManager.commitChange(TableView<ClientsModel>, CellEditEvent<ClientsModel, String>)",5,0,22,22,20.95%
com.example.demo.ModifyUserManager.confirmDeletion(String),0,0,5,5,4.76%
com.example.demo.ModifyUserManager.deleteUser(TableView<ClientsModel>),0,0,8,8,7.62%
com.example.demo.ModifyUserManager.editProfile(),0,0,4,4,3.81%
"com.example.demo.ModifyUserManager.filterUsers(TableView<ClientsModel>, TextField, ObservableList<ClientsModel>, ComboBox<String>)",7,8,29,21,27.62%
com.example.demo.ModifyUserManager.goBack(),0,0,12,12,11.43%
com.example.demo.ModifyUserManager.initializeScreen(),0,0,12,12,11.43%
com.example.demo.ModifyUserManager.logOut(),0,0,4,4,3.81%
com.example.demo.NAME_EDUCATION_TYPE.NAME_EDUCATION_TYPE(int),0,0,3,3,21.43%
com.example.demo.NAME_EDUCATION_TYPE.toString(),0,0,4,4,28.57%
com.example.demo.NAME_EDUCATION_TYPE.value(),0,0,3,3,21.43%
com.example.demo.NAME_FAMILY_STATUS.NAME_FAMILY_STATUS(int),0,0,3,3,20.00%
com.example.demo.NAME_FAMILY_STATUS.toString(),0,0,4,4,26.67%
com.example.demo.NAME_FAMILY_STATUS.value(),0,0,3,3,20.00%
com.example.demo.NAME_HOUSING_TYPE.NAME_HOUSING_TYPE(int),0,0,3,3,21.43%
com.example.demo.NAME_HOUSING_TYPE.toString(),0,0,4,4,28.57%
com.example.demo.NAME_HOUSING_TYPE.value(),0,0,3,3,21.43%
com.example.demo.OCCUPATION_TYPE.OCCUPATION_TYPE(int),0,0,3,3,17.65%
com.example.demo.OCCUPATION_TYPE.toString(),0,0,4,4,23.53%
com.example.demo.OCCUPATION_TYPE.value(),0,0,3,3,17.65%
com.example.demo.ORGANIZATION_TYPE.ORGANIZATION_TYPE(int),0,0,3,3,15.00%
com.example.demo.ORGANIZATION_TYPE.toString(),0,0,4,4,20.00%
com.example.demo.ORGANIZATION_TYPE.value(),0,0,3,3,15.00%
com.example.demo.PostgreSQL.Notifications(),3,3,14,11,4.75%
com.example.demo.PostgreSQL.PostgreSQL(),1,0,3,3,1.02%
com.example.demo.PostgreSQL.closeConnection(),4,4,32,28,10.85%
"com.example.demo.PostgreSQL.delete(String, String)",5,6,17,10,5.76%
com.example.demo.PostgreSQL.dispatchStatus(int),4,5,8,3,2.71%
com.example.demo.PostgreSQL.formatQuery(ResultSet),5,6,20,14,6.78%
com.example.demo.PostgreSQL.getInstance(),4,5,14,9,4.75%
com.example.demo.PostgreSQL.get_rows(ResultSet),4,6,17,11,5.76%
"com.example.demo.PostgreSQL.insert(String, String)",0,0,11,11,3.73%
"com.example.demo.PostgreSQL.insert(String, String, String)",0,0,11,11,3.73%
com.example.demo.PostgreSQL.main(String[]),10,0,15,5,5.08%
com.example.demo.PostgreSQL.openConnection(),3,3,13,10,4.41%
com.example.demo.PostgreSQL.prettyPrint(String[][]),4,5,15,10,5.08%
"com.example.demo.PostgreSQL.select(String, String)",5,7,18,10,6.10%
"com.example.demo.PostgreSQL.select(String, String, String)",5,8,21,12,7.12%
"com.example.demo.PostgreSQL.update(String, String, String)",5,6,26,19,8.81%
"com.example.demo.PostgreSQL.update(String, String, String, String)",4,7,28,21,9.49%
com.example.demo.REGION_RATING_CLIENT.REGION_RATING_CLIENT(int),0,0,3,3,21.43%
com.example.demo.REGION_RATING_CLIENT.toString(),0,0,4,4,28.57%
com.example.demo.REGION_RATING_CLIENT.value(),0,0,3,3,21.43%
com.example.demo.RegisterController.initManager(RegisterManager),0,0,10,10,50.00%
com.example.demo.RegisterManager.RegisterManager(Scene),0,0,3,3,1.62%
"com.example.demo.RegisterManager.createAccount(PasswordField, PasswordField, TextField, TextField, CheckBox)",7,0,133,126,71.89%
com.example.demo.RegisterManager.getScene(),0,0,3,3,1.62%
com.example.demo.RegisterManager.goWelcome(),0,0,4,4,2.16%
com.example.demo.RegisterManager.initializeScreen(Preferences),0,0,16,16,8.65%
com.example.demo.RegisterManager.regionPopulationRelative(),0,0,8,8,4.32%
com.example.demo.RegisterManager.regionRatingClient(),0,0,9,9,4.86%
com.example.demo.ReplyMessageController.initManager(ReplyMessageManager),1,0,30,30,71.43%
com.example.demo.ReplyMessageManager.ReplyMessageManager(Scene),0,0,3,3,4.62%
com.example.demo.ReplyMessageManager.getScene(),0,0,3,3,4.62%
com.example.demo.ReplyMessageManager.goBack(),0,0,10,10,15.38%
com.example.demo.ReplyMessageManager.initializeScreen(MessageModel),0,0,17,17,26.15%
com.example.demo.ReplyMessageManager.loadMessageData(ReplyMessageController),1,0,6,6,9.23%
com.example.demo.ReplyMessageManager.returnToMessages(),0,0,4,4,6.15%
"com.example.demo.ReplyMessageManager.sendReplyMessage(String, String, ReplyMessageController)",0,0,16,16,24.62%
com.example.demo.RequestNewLoanTest.A1_initializeScreen(),1,0,18,17,31.58%
com.example.demo.RequestNewLoanTest.initSQL(),0,0,4,4,7.02%
com.example.demo.RequestNewLoanTest.start(Stage),4,0,29,25,50.88%
com.example.demo.SendMessageController.fetchBankers(),0,0,7,7,8.75%
com.example.demo.SendMessageController.getBankers_list(),0,0,3,3,3.75%
com.example.demo.SendMessageController.getMessage_body(),0,0,3,3,3.75%
com.example.demo.SendMessageController.getMessage_subject(),0,0,3,3,3.75%
com.example.demo.SendMessageController.getSend_message(),0,0,3,3,3.75%
com.example.demo.SendMessageController.initManager(SendMessageManager),1,0,34,34,42.50%
com.example.demo.SendMessageController.propertyChange(PropertyChangeEvent),0,0,13,13,16.25%
com.example.demo.SendMessageManager.SendMessageManager(Scene),0,0,4,4,8.51%
com.example.demo.SendMessageManager.getNotifier(),0,0,3,3,6.38%
com.example.demo.SendMessageManager.getScene(),0,0,3,3,6.38%
com.example.demo.SendMessageManager.initializeScreen(),0,0,15,15,31.91%
com.example.demo.SendMessageManager.returnToMessages(),0,0,4,4,8.51%
"com.example.demo.SendMessageManager.sendMessage(String, String, String)",0,0,12,12,25.53%
com.example.demo.SendMessageManagerTest.A1_initializeScreen(),1,0,15,14,22.73%
com.example.demo.SendMessageManagerTest.A2_sendMessage(),1,0,13,12,19.70%
com.example.demo.SendMessageManagerTest.initSQL(),0,0,4,4,6.06%
com.example.demo.SendMessageManagerTest.start(Stage),3,0,28,25,42.42%
com.example.demo.ThreadWorker_1.ThreadWorker_1(),0,0,6,6,16.67%
com.example.demo.ThreadWorker_1.createTask(),1,0,13,12,36.11%
com.example.demo.ThreadWorker_1.getNotifier(),0,0,3,3,8.33%
com.example.demo.ThreadWorker_1.startTheService(),4,3,10,6,27.78%
com.example.demo.ThreadWorker_2.ThreadWorker_2(),0,0,6,6,18.18%
com.example.demo.ThreadWorker_2.createTask(),1,0,11,10,33.33%
com.example.demo.ThreadWorker_2.getNotifier(),0,0,3,3,9.09%
com.example.demo.ThreadWorker_2.startTheService(),4,3,10,6,30.30%
com.example.demo.ThreadWorker_3.ThreadWorker_3(),0,0,6,6,10.91%
com.example.demo.ThreadWorker_3.createTask(),6,0,31,31,56.36%
com.example.demo.ThreadWorker_3.getNotifier(),0,0,3,3,5.45%
com.example.demo.ThreadWorker_3.startTheService(),4,3,10,6,18.18%
com.example.demo.TodoListController.controlsConfiguration(TodoListManager),1,0,47,46,51.09%
com.example.demo.TodoListController.getAdd_item(),0,0,3,3,3.26%
com.example.demo.TodoListController.getDelete_item(),0,0,3,3,3.26%
com.example.demo.TodoListController.getTodo_list(),0,0,3,3,3.26%
com.example.demo.TodoListController.initManager(TodoListManager),0,0,3,3,3.26%
"com.example.demo.TodoListController.initialize(URL, ResourceBundle)",0,0,6,6,6.52%
com.example.demo.TodoListController.itemsToTable(),4,5,16,11,17.39%
com.example.demo.TodoListManager.TodoListManager(Scene),0,0,3,3,4.35%
com.example.demo.TodoListManager.addItem(TableView<TodoListModel>),0,0,4,4,5.80%
"com.example.demo.TodoListManager.commitChange(TableView<TodoListModel>, CellEditEvent<TodoListModel, String>)",6,0,22,22,31.88%
com.example.demo.TodoListManager.deleteItem(TableView<TodoListModel>),0,0,6,6,8.70%
com.example.demo.TodoListManager.getScene(),0,0,3,3,4.35%
com.example.demo.TodoListManager.goBack(),0,0,10,10,14.49%
com.example.demo.TodoListManager.initializeScreen(),0,0,15,15,21.74%
com.example.demo.TodoListManagerTest.A1_initializeScreen(),1,0,13,12,13.98%
com.example.demo.TodoListManagerTest.A2_commitChange(),1,0,16,15,17.20%
com.example.demo.TodoListManagerTest.A3_addItem(),1,0,12,11,12.90%
com.example.demo.TodoListManagerTest.A4_deleteItem(),1,0,13,12,13.98%
com.example.demo.TodoListManagerTest.initSQL(),0,0,4,4,4.30%
com.example.demo.TodoListManagerTest.start(Stage),3,0,28,25,30.11%
"com.example.demo.TodoListModel.TodoListModel(int, int, String, String)",0,0,6,6,16.67%
com.example.demo.TodoListModel.getId(),0,0,3,3,8.33%
com.example.demo.TodoListModel.getItem(),0,0,3,3,8.33%
com.example.demo.TodoListModel.getStatus(),0,0,3,3,8.33%
com.example.demo.TodoListModel.getUser_id(),0,0,3,3,8.33%
com.example.demo.TodoListModel.setId(int),0,0,3,3,8.33%
com.example.demo.TodoListModel.setItem(String),0,0,3,3,8.33%
com.example.demo.TodoListModel.setStatus(String),0,0,3,3,8.33%
com.example.demo.TodoListModel.setUser_id(int),0,0,3,3,8.33%
com.example.demo.UserPanelController.getAccountLabel(),0,0,3,3,4.05%
com.example.demo.UserPanelController.getBalanceLabel(),0,0,3,3,4.05%
com.example.demo.UserPanelController.getRequestLoanButton(),0,0,3,3,4.05%
com.example.demo.UserPanelController.initManager(UserPanelManager),1,0,34,33,45.95%
com.example.demo.UserPanelController.propertyChange(PropertyChangeEvent),3,0,18,18,24.32%
com.example.demo.UserPanelManager.AccountFullName(),0,0,7,7,11.11%
com.example.demo.UserPanelManager.UserPanelManager(Scene),0,0,3,3,4.76%
com.example.demo.UserPanelManager.Withdraw(),0,0,4,4,6.35%
com.example.demo.UserPanelManager.edit(),0,0,4,4,6.35%
com.example.demo.UserPanelManager.getScene(),0,0,3,3,4.76%
com.example.demo.UserPanelManager.goComplaint(),0,0,4,4,6.35%
com.example.demo.UserPanelManager.goLogin(),0,0,4,4,6.35%
com.example.demo.UserPanelManager.initializeScreen(),0,0,19,19,30.16%
com.example.demo.UserPanelManager.sendMessageBanker(),0,0,4,4,6.35%
com.example.demo.UserPanelManager.totalLoanRemaining(),0,0,6,6,9.52%
com.example.demo.ViewLoansController.controlsConfiguration(ViewLoansManager),1,0,23,22,24.47%
com.example.demo.ViewLoansController.getAboutButton(),0,0,3,3,3.19%
com.example.demo.ViewLoansController.getApproved_count(),0,0,3,3,3.19%
com.example.demo.ViewLoansController.getHomeButton(),0,0,3,3,3.19%
com.example.demo.ViewLoansController.getLogoutButton(),0,0,3,3,3.19%
com.example.demo.ViewLoansController.getModifyAccountButton(),0,0,3,3,3.19%
com.example.demo.ViewLoansController.getPending_count(),0,0,3,3,3.19%
com.example.demo.ViewLoansController.getRejected_count(),0,0,3,3,3.19%
com.example.demo.ViewLoansController.initManager(ViewLoansManager),0,0,3,3,3.19%
"com.example.demo.ViewLoansController.initialize(URL, ResourceBundle)",0,0,10,10,10.64%
com.example.demo.ViewLoansController.itemsToTable(),4,5,21,16,22.34%
com.example.demo.ViewLoansManager.ViewLoansManager(Scene),0,0,3,3,5.17%
com.example.demo.ViewLoansManager.countStatus(ViewLoansController),0,0,19,19,32.76%
com.example.demo.ViewLoansManager.edit(),0,0,4,4,6.90%
com.example.demo.ViewLoansManager.getScene(),0,0,3,3,5.17%
com.example.demo.ViewLoansManager.goLogin(),0,0,4,4,6.90%
com.example.demo.ViewLoansManager.initializeScreen(),0,0,16,16,27.59%
com.example.demo.ViewLoansManager.inspectLoan(),0,0,4,4,6.90%
com.example.demo.ViewMessageController.initManager(ViewMessageManager),0,0,28,28,70.00%
com.example.demo.ViewMessageManager.ViewMessageManager(Scene),0,0,3,3,5.88%
com.example.demo.ViewMessageManager.getScene(),0,0,3,3,5.88%
com.example.demo.ViewMessageManager.goBack(),0,0,10,10,19.61%
com.example.demo.ViewMessageManager.initializeScreen(MessageModel),0,0,17,17,33.33%
com.example.demo.ViewMessageManager.loadMessageData(ViewMessageController),1,0,8,8,15.69%
com.example.demo.ViewMessageManager.returnToMessages(),0,0,4,4,7.84%
com.example.demo.WelcomeController.getLogin(),0,0,3,3,27.27%
com.example.demo.WelcomeController.initManager(WelcomeManager),0,0,4,4,36.36%
com.example.demo.WelcomeManager.WelcomeManager(Scene),0,0,3,3,6.82%
com.example.demo.WelcomeManager.getScene(),0,0,3,3,6.82%
com.example.demo.WelcomeManager.initializeScreen(),3,3,19,16,43.18%
com.example.demo.WelcomeManager.loan(),3,3,7,4,15.91%
com.example.demo.WelcomeManager.login(),3,3,7,4,15.91%
com.example.demo.WithdrawController.getAcc_num(),0,0,3,3,10.71%
com.example.demo.WithdrawController.getAmount(),0,0,3,3,10.71%
com.example.demo.WithdrawController.getBank_name(),0,0,3,3,10.71%
com.example.demo.WithdrawController.getBranch(),0,0,3,3,10.71%
com.example.demo.WithdrawController.getFull_name(),0,0,3,3,10.71%
com.example.demo.WithdrawController.getWithdrawButton(),0,0,3,3,10.71%
com.example.demo.WithdrawController.initManager(WithdrawManager),0,0,4,4,14.29%
com.example.demo.WithdrawManager.WithdrawManager(Scene),0,0,3,3,6.12%
com.example.demo.WithdrawManager.getScene(),0,0,3,3,6.12%
com.example.demo.WithdrawManager.goBack(),0,0,4,4,8.16%
com.example.demo.WithdrawManager.initializeScreen(),0,0,15,15,30.61%
"com.example.demo.WithdrawManager.withdrawRequest(TextField, TextField, TextField, TextField, TextField)",0,0,19,19,38.78%
com.example.demo.WithdrawManagerTest.A1_initializeScreen(),1,0,24,23,39.34%
com.example.demo.WithdrawManagerTest.initSQL(),0,0,4,4,6.56%
com.example.demo.WithdrawManagerTest.start(Stage),3,0,27,24,44.26%
core.ann.classifier.Activation.backward(Matrix),0,n/a,n/a,1,12.50%
"core.ann.classifier.Activation.backward(Matrix, Matrix)",1,n/a,n/a,1,12.50%
core.ann.classifier.Activation.d_inputs(),0,n/a,n/a,1,12.50%
core.ann.classifier.Activation.forward(Matrix),0,n/a,n/a,1,12.50%
"core.ann.classifier.Activation.forward(Matrix, Matrix)",1,n/a,n/a,1,12.50%
core.ann.classifier.Activation.output(),0,n/a,n/a,1,12.50%
core.ann.classifier.Activation_ReLU.backward(Matrix),4,0,14,10,28.57%
"core.ann.classifier.Activation_ReLU.backward(Matrix, Matrix)",1,0,4,3,8.16%
core.ann.classifier.Activation_ReLU.d_inputs(),0,0,4,4,8.16%
core.ann.classifier.Activation_ReLU.forward(Matrix),3,0,11,9,22.45%
"core.ann.classifier.Activation_ReLU.forward(Matrix, Matrix)",1,0,5,4,10.20%
core.ann.classifier.Activation_ReLU.output(),0,0,4,4,8.16%
core.ann.classifier.Activation_Sigmoid.backward(Matrix),1,0,5,4,11.36%
"core.ann.classifier.Activation_Sigmoid.backward(Matrix, Matrix)",1,0,4,3,9.09%
core.ann.classifier.Activation_Sigmoid.d_inputs(),0,0,4,4,9.09%
core.ann.classifier.Activation_Sigmoid.forward(Matrix),0,0,5,5,11.36%
"core.ann.classifier.Activation_Sigmoid.forward(Matrix, Matrix)",1,0,5,4,11.36%
core.ann.classifier.Activation_Sigmoid.output(),0,0,4,4,9.09%
core.ann.classifier.Activation_Sigmoid.sigmoid(Matrix),0,0,9,9,20.45%
core.ann.classifier.Activation_Sigmoid_Loss_BinaryCrossEntropy.Activation_Sigmoid_Loss_BinaryCrossEntropy(),1,0,5,4,7.81%
core.ann.classifier.Activation_Sigmoid_Loss_BinaryCrossEntropy.backward(Matrix),1,0,4,3,6.25%
"core.ann.classifier.Activation_Sigmoid_Loss_BinaryCrossEntropy.backward(Matrix, Matrix)",0,0,5,5,7.81%
core.ann.classifier.Activation_Sigmoid_Loss_BinaryCrossEntropy.d_inputs(),0,0,4,4,6.25%
core.ann.classifier.Activation_Sigmoid_Loss_BinaryCrossEntropy.forward(Matrix),2,0,5,5,7.81%
"core.ann.classifier.Activation_Sigmoid_Loss_BinaryCrossEntropy.forward(Matrix, Matrix)",3,0,7,7,10.94%
core.ann.classifier.Activation_Sigmoid_Loss_BinaryCrossEntropy.output(),0,0,4,4,6.25%
core.ann.classifier.Activation_Sigmoid_Loss_BinaryCrossEntropy.regularization_loss(LayerDense),4,0,22,20,34.38%
core.ann.classifier.Activation_SoftMax.backward(Matrix),6,0,14,12,29.17%
"core.ann.classifier.Activation_SoftMax.backward(Matrix, Matrix)",1,0,4,3,8.33%
core.ann.classifier.Activation_SoftMax.d_inputs(),0,0,3,3,6.25%
core.ann.classifier.Activation_SoftMax.forward(Matrix),3,0,11,9,22.92%
"core.ann.classifier.Activation_SoftMax.forward(Matrix, Matrix)",1,0,5,4,10.42%
core.ann.classifier.Activation_SoftMax.output(),0,0,4,4,8.33%
core.ann.classifier.Activation_Softmax_Loss_CategoricalCrossEntropy.Activation_Softmax_Loss_CategoricalCrossEntropy(),1,0,5,4,7.14%
core.ann.classifier.Activation_Softmax_Loss_CategoricalCrossEntropy.backward(Matrix),1,0,4,3,5.71%
"core.ann.classifier.Activation_Softmax_Loss_CategoricalCrossEntropy.backward(Matrix, Matrix)",1,0,9,8,12.86%
core.ann.classifier.Activation_Softmax_Loss_CategoricalCrossEntropy.d_inputs(),0,0,4,4,5.71%
core.ann.classifier.Activation_Softmax_Loss_CategoricalCrossEntropy.forward(Matrix),2,0,5,5,7.14%
"core.ann.classifier.Activation_Softmax_Loss_CategoricalCrossEntropy.forward(Matrix, Matrix)",4,0,7,6,10.00%
core.ann.classifier.Activation_Softmax_Loss_CategoricalCrossEntropy.output(),0,0,4,4,5.71%
core.ann.classifier.Activation_Softmax_Loss_CategoricalCrossEntropy.regularization_loss(LayerDense),4,0,22,20,31.43%
core.ann.classifier.Dataset.Dataset(),0,0,6,6,7.14%
core.ann.classifier.Dataset.X_test(),0,0,3,3,3.57%
core.ann.classifier.Dataset.X_train(),0,0,3,3,3.57%
core.ann.classifier.Dataset.loadData(String),8,0,50,50,59.52%
core.ann.classifier.Dataset.y_test(),0,0,3,3,3.57%
core.ann.classifier.Dataset.y_train(),0,0,3,3,3.57%
core.ann.classifier.InvalidMatrixArgument.InvalidMatrixArgument(String),0,0,3,3,21.43%
core.ann.classifier.InvalidMatrixArgument.InvalidMatrixArgument(char),0,0,3,3,21.43%
core.ann.classifier.InvalidMatrixArgument.InvalidMatrixArgument(double),0,0,3,3,21.43%
core.ann.classifier.InvalidMatrixArgument.InvalidMatrixArgument(int),0,0,3,3,21.43%
core.ann.classifier.InvalidMatrixAxis.InvalidMatrixAxis(int),0,0,3,3,60.00%
"core.ann.classifier.InvalidMatrixDimension.InvalidMatrixDimension(Matrix, Matrix)",0,0,3,3,27.27%
"core.ann.classifier.InvalidMatrixDimension.InvalidMatrixDimension(int, int)",0,0,3,3,27.27%
"core.ann.classifier.InvalidMatrixDimension.InvalidMatrixDimension(int, int, double[][])",0,0,3,3,27.27%
"core.ann.classifier.InvalidMatrixOperation.InvalidMatrixOperation(Matrix, Matrix, String)",0,0,3,3,60.00%
"core.ann.classifier.LayerDense.LayerDense(int, int)",1,0,9,8,5.70%
"core.ann.classifier.LayerDense.addBias(Matrix, Matrix)",0,0,7,7,4.43%
core.ann.classifier.LayerDense.backward(Matrix),11,5,39,27,24.68%
"core.ann.classifier.LayerDense.forward(Matrix, boolean)",6,5,12,7,7.59%
core.ann.classifier.LayerDense.getBiases(),0,0,3,3,1.90%
core.ann.classifier.LayerDense.getOutput(),0,0,3,3,1.90%
core.ann.classifier.LayerDense.getWeights(),0,0,3,3,1.90%
core.ann.classifier.LayerDense.get_bias_cache(),0,0,3,3,1.90%
core.ann.classifier.LayerDense.get_bias_momentums(),0,0,3,3,1.90%
core.ann.classifier.LayerDense.get_bias_regularizer_l1(),0,0,3,3,1.90%
core.ann.classifier.LayerDense.get_bias_regularizer_l2(),0,0,3,3,1.90%
core.ann.classifier.LayerDense.get_d_biases(),0,0,3,3,1.90%
core.ann.classifier.LayerDense.get_d_inputs(),0,0,3,3,1.90%
core.ann.classifier.LayerDense.get_d_weights(),0,0,3,3,1.90%
core.ann.classifier.LayerDense.get_weight_cache(),0,0,3,3,1.90%
core.ann.classifier.LayerDense.get_weight_momentums(),0,0,3,3,1.90%
core.ann.classifier.LayerDense.get_weight_regularizer_l1(),0,0,3,3,1.90%
core.ann.classifier.LayerDense.get_weight_regularizer_l2(),0,0,3,3,1.90%
core.ann.classifier.LayerDense.setBiases(Matrix),0,0,3,3,1.90%
core.ann.classifier.LayerDense.setWeights(Matrix),0,0,3,3,1.90%
core.ann.classifier.LayerDense.set_bias_cache(Matrix),0,0,3,3,1.90%
core.ann.classifier.LayerDense.set_bias_momentums(Matrix),0,0,3,3,1.90%
core.ann.classifier.LayerDense.set_bias_regularizer_l1(double),0,0,3,3,1.90%
core.ann.classifier.LayerDense.set_bias_regularizer_l2(double),0,0,3,3,1.90%
core.ann.classifier.LayerDense.set_weight_cache(Matrix),0,0,3,3,1.90%
core.ann.classifier.LayerDense.set_weight_momentums(Matrix),0,0,3,3,1.90%
core.ann.classifier.LayerDense.set_weight_regularizer_l1(double),0,0,3,3,1.90%
core.ann.classifier.LayerDense.set_weight_regularizer_l2(double),0,0,3,3,1.90%
core.ann.classifier.LayerDropout.LayerDropout(double),2,0,5,3,16.67%
core.ann.classifier.LayerDropout.backward(Matrix),1,0,4,3,13.33%
"core.ann.classifier.LayerDropout.forward(Matrix, boolean)",2,0,7,5,23.33%
core.ann.classifier.LayerDropout.getOutput(),0,0,3,3,10.00%
core.ann.classifier.LayerDropout.get_d_inputs(),0,0,3,3,10.00%
"core.ann.classifier.Loss.backward(Matrix, Matrix)",0,n/a,n/a,1,11.11%
core.ann.classifier.Loss.calculate(Matrix),0,n/a,n/a,1,11.11%
core.ann.classifier.Loss.d_inputs(),0,n/a,n/a,1,11.11%
"core.ann.classifier.Loss.forward(Matrix, Matrix)",0,n/a,n/a,1,11.11%
core.ann.classifier.Loss.regularization_loss(LayerDense),0,n/a,n/a,1,11.11%
"core.ann.classifier.Loss_BinaryCrossEntropy.backward(Matrix, Matrix)",7,0,19,13,27.94%
core.ann.classifier.Loss_BinaryCrossEntropy.calculate(Matrix),0,0,4,4,5.88%
core.ann.classifier.Loss_BinaryCrossEntropy.d_inputs(),0,0,4,4,5.88%
"core.ann.classifier.Loss_BinaryCrossEntropy.forward(Matrix, Matrix)",0,0,13,13,19.12%
core.ann.classifier.Loss_BinaryCrossEntropy.regularization_loss(LayerDense),3,0,23,21,33.82%
"core.ann.classifier.Loss_CategoricalCrossEntropy.backward(Matrix, Matrix)",5,0,12,8,16.90%
core.ann.classifier.Loss_CategoricalCrossEntropy.calculate(Matrix),0,0,4,4,5.63%
core.ann.classifier.Loss_CategoricalCrossEntropy.d_inputs(),0,0,4,4,5.63%
"core.ann.classifier.Loss_CategoricalCrossEntropy.forward(Matrix, Matrix)",8,0,23,19,32.39%
core.ann.classifier.Loss_CategoricalCrossEntropy.regularization_loss(LayerDense),4,0,23,21,32.39%
core.ann.classifier.Matrix.Matrix(Matrix),4,5,15,10,1.56%
"core.ann.classifier.Matrix.Matrix(int, int)",5,6,17,11,1.77%
"core.ann.classifier.Matrix.Matrix(int, int, double[][])",5,7,18,11,1.87%
core.ann.classifier.Matrix.abs(),4,5,12,7,1.25%
core.ann.classifier.Matrix.add(Matrix),6,6,28,22,2.91%
core.ann.classifier.Matrix.add(double),4,6,13,7,1.35%
core.ann.classifier.Matrix.argmax(),4,0,29,29,3.01%
core.ann.classifier.Matrix.argmax(int),9,6,41,35,4.26%
"core.ann.classifier.Matrix.binomial(int, double, int)",0,0,21,21,2.18%
"core.ann.classifier.Matrix.bitwiseCompare(Matrix, Matrix)",5,8,22,14,2.28%
"core.ann.classifier.Matrix.clip(Matrix, double, double)",6,10,24,14,2.49%
core.ann.classifier.Matrix.diagflat(Matrix),4,6,29,23,3.01%
core.ann.classifier.Matrix.divide(Matrix),5,6,30,24,3.12%
core.ann.classifier.Matrix.divide(double),4,6,13,7,1.35%
core.ann.classifier.Matrix.dot(Matrix),5,6,24,18,2.49%
core.ann.classifier.Matrix.equals(Object),5,6,23,17,2.39%
core.ann.classifier.Matrix.exp(),4,5,12,7,1.25%
core.ann.classifier.Matrix.eye(int),4,6,18,12,1.87%
"core.ann.classifier.Matrix.eye(int, int)",4,7,19,12,1.97%
core.ann.classifier.Matrix.flat(Matrix),4,6,17,11,1.77%
core.ann.classifier.Matrix.getColumn(int),4,6,13,7,1.35%
core.ann.classifier.Matrix.getColumns(),4,5,8,3,0.83%
core.ann.classifier.Matrix.getRow(int),4,6,13,7,1.35%
core.ann.classifier.Matrix.getRows(),4,5,8,3,0.83%
"core.ann.classifier.Matrix.getValue(int, int)",4,7,12,5,1.25%
core.ann.classifier.Matrix.log(),5,5,16,11,1.66%
core.ann.classifier.Matrix.max(),4,5,14,9,1.45%
core.ann.classifier.Matrix.max(int),4,6,33,27,3.43%
"core.ann.classifier.Matrix.maximum(Matrix, double)",4,7,16,9,1.66%
core.ann.classifier.Matrix.mean(),4,5,16,11,1.66%
core.ann.classifier.Matrix.mean(int),3,5,29,24,3.01%
core.ann.classifier.Matrix.multiply(Matrix),6,6,28,22,2.91%
core.ann.classifier.Matrix.multiply(double),4,6,13,7,1.35%
core.ann.classifier.Matrix.oneHotVector(Matrix),5,6,15,9,1.56%
core.ann.classifier.Matrix.ones_like(Matrix),4,6,14,8,1.45%
core.ann.classifier.Matrix.pow(double),4,6,13,7,1.35%
"core.ann.classifier.Matrix.random(int, int)",2,5,13,8,1.35%
"core.ann.classifier.Matrix.reshape(int, int)",6,7,42,35,4.36%
"core.ann.classifier.Matrix.setValue(int, int, double)",4,7,13,6,1.35%
core.ann.classifier.Matrix.shape(),4,5,13,8,1.35%
"core.ann.classifier.Matrix.slice(Matrix, int, int)",0,0,13,13,1.35%
core.ann.classifier.Matrix.sqrt(),4,5,12,7,1.25%
core.ann.classifier.Matrix.subtract(Matrix),5,6,22,16,2.28%
core.ann.classifier.Matrix.subtract(double),4,6,13,7,1.35%
core.ann.classifier.Matrix.sum(),4,5,13,8,1.35%
core.ann.classifier.Matrix.sum(int),4,6,29,23,3.01%
"core.ann.classifier.Matrix.sumColumn(Matrix, int)",4,7,13,6,1.35%
"core.ann.classifier.Matrix.sumRow(Matrix, int)",4,7,13,6,1.35%
core.ann.classifier.Matrix.toString(),4,5,18,13,1.87%
core.ann.classifier.Matrix.transpose(),4,5,13,8,1.35%
"core.ann.classifier.Matrix.vectorsMultiplication(Matrix, Matrix)",4,7,21,14,2.18%
core.ann.classifier.Matrix.zeros_like(Matrix),4,6,9,3,0.93%
core.ann.classifier.MatrixExceptionHandler.MatrixExceptionHandler(),0,0,3,3,30.00%
core.ann.classifier.MatrixExceptionHandler.MatrixExceptionHandler(String),0,0,3,3,30.00%
"core.ann.classifier.MatrixIndexesOutOfBounds.MatrixIndexesOutOfBounds(Matrix, Matrix)",0,0,3,3,37.50%
"core.ann.classifier.MatrixIndexesOutOfBounds.MatrixIndexesOutOfBounds(int, int)",0,0,3,3,37.50%
"core.ann.classifier.NeuralNetwork.DirectoryAssurance(String, String)",0,0,6,6,1.62%
core.ann.classifier.NeuralNetwork.LoadObject(String),0,0,8,8,2.16%
"core.ann.classifier.NeuralNetwork.NeuralNetwork(int, int, int, int, String, String, int)",4,0,30,28,8.09%
"core.ann.classifier.NeuralNetwork.NeuralNetwork(int, int, int, int, String, String, int, ...)",5,0,33,31,8.89%
core.ann.classifier.NeuralNetwork.SaveObject(NeuralNetwork),0,0,7,7,1.89%
core.ann.classifier.NeuralNetwork.buildClassifier(String),0,0,10,10,2.70%
core.ann.classifier.NeuralNetwork.buildOptimizer(String),0,0,14,14,3.77%
core.ann.classifier.NeuralNetwork.calculatePrediction(Activation),0,0,16,16,4.31%
"core.ann.classifier.NeuralNetwork.fit(Matrix, Matrix)",26,0,95,79,25.61%
core.ann.classifier.NeuralNetwork.get_predictions(),0,0,3,3,0.81%
core.ann.classifier.NeuralNetwork.predict(Matrix),8,0,20,12,5.39%
core.ann.classifier.NeuralNetwork.raiseFatalError(String),0,0,5,5,1.35%
core.ann.classifier.NeuralNetwork.raiseInfo(String),0,0,5,5,1.35%
core.ann.classifier.NeuralNetwork.raiseWarning(String),0,0,5,5,1.35%
core.ann.classifier.NeuralNetwork.setLogs(boolean),0,0,3,3,0.81%
core.ann.classifier.NeuralNetwork.setMetrices(boolean),0,0,3,3,0.81%
"core.ann.classifier.NeuralNetwork.set_l1_regularizer(double, double)",4,6,10,4,2.70%
"core.ann.classifier.NeuralNetwork.set_l2_regularizer(double, double)",4,6,10,4,2.70%
core.ann.classifier.NeuralNetwork.set_max_iterations(int),0,0,3,3,0.81%
core.ann.classifier.NeuralNetwork.showMetrices(),1,0,13,12,3.50%
"core.ann.classifier.NeuralNetwork.validation(Matrix, Matrix)",10,0,26,16,7.01%
core.ann.classifier.NeuralNetwork.validator(),0,0,22,22,5.93%
core.ann.classifier.Optimization.get_current_learning_rate(),0,n/a,n/a,1,14.29%
core.ann.classifier.Optimization.get_learning_rate(),0,n/a,n/a,1,14.29%
core.ann.classifier.Optimization.post_update_params(),0,n/a,n/a,1,14.29%
core.ann.classifier.Optimization.pre_update_params(),0,n/a,n/a,1,14.29%
core.ann.classifier.Optimization.update_params(LayerDense),0,n/a,n/a,1,14.29%
core.ann.classifier.Optimizer_Adagrad.Optimizer_Adagrad(),1,0,8,7,9.88%
core.ann.classifier.Optimizer_Adagrad.Optimizer_Adagrad(double),1,0,8,7,9.88%
"core.ann.classifier.Optimizer_Adagrad.Optimizer_Adagrad(double, double)",1,0,8,7,9.88%
core.ann.classifier.Optimizer_Adagrad.get_current_learning_rate(),0,0,4,4,4.94%
core.ann.classifier.Optimizer_Adagrad.get_learning_rate(),0,0,4,4,4.94%
core.ann.classifier.Optimizer_Adagrad.post_update_params(),1,0,5,4,6.17%
core.ann.classifier.Optimizer_Adagrad.pre_update_params(),2,0,7,5,8.64%
core.ann.classifier.Optimizer_Adagrad.update_params(LayerDense),10,0,27,21,33.33%
core.ann.classifier.Optimizer_Adam.Optimizer_Adam(),1,0,10,9,8.47%
"core.ann.classifier.Optimizer_Adam.Optimizer_Adam(double, double)",0,0,9,9,7.63%
"core.ann.classifier.Optimizer_Adam.Optimizer_Adam(double, double, double)",1,0,10,9,8.47%
"core.ann.classifier.Optimizer_Adam.Optimizer_Adam(double, double, double, double)",1,0,10,9,8.47%
core.ann.classifier.Optimizer_Adam.get_current_learning_rate(),0,0,4,4,3.39%
core.ann.classifier.Optimizer_Adam.get_learning_rate(),0,0,4,4,3.39%
core.ann.classifier.Optimizer_Adam.post_update_params(),1,0,5,4,4.24%
core.ann.classifier.Optimizer_Adam.pre_update_params(),2,0,7,5,5.93%
core.ann.classifier.Optimizer_Adam.update_params(LayerDense),16,0,47,35,39.83%
core.ann.classifier.Optimizer_RMSprop.Optimizer_RMSprop(),1,0,9,8,9.57%
core.ann.classifier.Optimizer_RMSprop.Optimizer_RMSprop(double),1,0,9,8,9.57%
"core.ann.classifier.Optimizer_RMSprop.Optimizer_RMSprop(double, double)",1,0,9,8,9.57%
"core.ann.classifier.Optimizer_RMSprop.Optimizer_RMSprop(double, double, double)",1,0,9,8,9.57%
core.ann.classifier.Optimizer_RMSprop.get_current_learning_rate(),0,0,4,4,4.26%
core.ann.classifier.Optimizer_RMSprop.get_learning_rate(),0,0,4,4,4.26%
core.ann.classifier.Optimizer_RMSprop.post_update_params(),1,0,5,4,5.32%
core.ann.classifier.Optimizer_RMSprop.pre_update_params(),2,0,7,5,7.45%
core.ann.classifier.Optimizer_RMSprop.update_params(LayerDense),10,0,27,21,28.72%
core.ann.classifier.Optimizer_SGD.Optimizer_SGD(),1,0,8,7,8.60%
core.ann.classifier.Optimizer_SGD.Optimizer_SGD(double),1,0,8,7,8.60%
"core.ann.classifier.Optimizer_SGD.Optimizer_SGD(double, double)",1,0,8,7,8.60%
"core.ann.classifier.Optimizer_SGD.Optimizer_SGD(double, double, double)",1,0,8,7,8.60%
core.ann.classifier.Optimizer_SGD.get_current_learning_rate(),0,0,4,4,4.30%
core.ann.classifier.Optimizer_SGD.get_learning_rate(),0,0,4,4,4.30%
core.ann.classifier.Optimizer_SGD.post_update_params(),1,0,5,4,5.38%
core.ann.classifier.Optimizer_SGD.pre_update_params(),2,0,7,5,7.53%
core.ann.classifier.Optimizer_SGD.update_params(LayerDense),13,0,32,20,34.41%
core.init.main(String[]),1,0,10,9,83.33%
core.python.extender.PythonInterpreter.PythonInterpreter(),0,0,1,1,3.45%
core.python.extender.PythonInterpreter.exec(String),7,0,26,19,89.66%

Class,CLOC,JLOC,LOC
com.example.demo.AboutController,0,0,64
com.example.demo.AboutManager,0,0,40
com.example.demo.AboutManagerTest,5,0,55
com.example.demo.BankerPanelController,12,5,212
com.example.demo.BankerPanelManager,15,3,122
com.example.demo.BankerPanelManagerTest,5,0,53
com.example.demo.ClientLoansController,11,5,136
com.example.demo.ClientLoansManager,7,3,68
com.example.demo.ClientsModel,0,0,44
com.example.demo.ComplaintController,2,0,68
com.example.demo.ComplaintManager,0,0,48
com.example.demo.ComplaintManagerTest,5,0,65
com.example.demo.EditProfileController,0,0,46
com.example.demo.EditProfileManager,3,3,81
com.example.demo.EditProfileManagerTest,29,0,151
com.example.demo.FLAG_DOCUMENT_10,0,0,14
com.example.demo.FLAG_DOCUMENT_11,0,0,14
com.example.demo.FLAG_DOCUMENT_12,0,0,14
com.example.demo.FLAG_DOCUMENT_13,0,0,14
com.example.demo.FLAG_DOCUMENT_14,0,0,14
com.example.demo.FLAG_DOCUMENT_15,0,0,14
com.example.demo.FLAG_DOCUMENT_16,0,0,14
com.example.demo.FLAG_DOCUMENT_17,0,0,14
com.example.demo.FLAG_DOCUMENT_18,0,0,14
com.example.demo.FLAG_DOCUMENT_19,0,0,14
com.example.demo.FLAG_DOCUMENT_2,0,0,14
com.example.demo.FLAG_DOCUMENT_20,0,0,14
com.example.demo.FLAG_DOCUMENT_21,0,0,14
com.example.demo.FLAG_DOCUMENT_3,0,0,14
com.example.demo.FLAG_DOCUMENT_4,0,0,14
com.example.demo.FLAG_DOCUMENT_5,0,0,14
com.example.demo.FLAG_DOCUMENT_6,0,0,14
com.example.demo.FLAG_DOCUMENT_7,0,0,14
com.example.demo.FLAG_DOCUMENT_8,0,0,14
com.example.demo.FLAG_DOCUMENT_9,0,0,14
com.example.demo.FLAG_EMAIL,0,0,14
com.example.demo.FLAG_EMP_PHONE,0,0,14
com.example.demo.FLAG_MOBIL,0,0,14
com.example.demo.FLAG_OWN_CAR,1,0,15
com.example.demo.FLAG_OWN_REALTY,1,0,15
com.example.demo.FLAG_PHONE,0,0,14
com.example.demo.FLAG_WORK_PHONE,0,0,14
com.example.demo.ForgotPasswordController,6,6,55
com.example.demo.ForgotPasswordManager,9,9,70
com.example.demo.FormAdapter,1,0,646
com.example.demo.GENDER,0,0,14
com.example.demo.InspectLoanController,1,0,101
com.example.demo.InspectLoanManager,0,0,39
com.example.demo.Launcher,0,0,5
com.example.demo.LoanApp,4,3,62
com.example.demo.LoanController,34,21,556
com.example.demo.LoanManager,56,6,517
com.example.demo.LoanManagerTest,6,0,92
com.example.demo.LoansGraphController,7,0,74
com.example.demo.LoansGraphManager,0,0,37
com.example.demo.LoansModel,0,0,60
com.example.demo.LogOutViewController,1,1,5
com.example.demo.LoginController,6,6,61
com.example.demo.LoginManager,17,15,89
com.example.demo.LoginManagerTest,15,0,86
com.example.demo.ManageUsersController,9,5,96
com.example.demo.ManageUsersManager,16,8,109
com.example.demo.ManageUsersManagerTest,5,0,64
com.example.demo.ManagerPanelController,10,0,112
com.example.demo.ManagerPanelManager,7,3,68
com.example.demo.MessageModel,0,0,35
com.example.demo.MessagesPanelController,6,5,64
com.example.demo.MessagesPanelManager,0,0,69
com.example.demo.MessagesPanelManagerTest,7,0,98
com.example.demo.ModifyAccountController,1,0,28
com.example.demo.ModifyAccountManager,3,3,78
com.example.demo.ModifyUserController,9,5,89
com.example.demo.ModifyUserManager,16,8,105
com.example.demo.NAME_EDUCATION_TYPE,0,0,14
com.example.demo.NAME_FAMILY_STATUS,1,0,15
com.example.demo.NAME_HOUSING_TYPE,0,0,14
com.example.demo.OCCUPATION_TYPE,0,0,17
com.example.demo.ORGANIZATION_TYPE,0,0,20
com.example.demo.PostgreSQL,87,71,295
com.example.demo.REGION_RATING_CLIENT,0,0,14
com.example.demo.RegisterController,0,0,20
com.example.demo.RegisterManager,7,0,185
com.example.demo.ReplyMessageController,1,0,42
com.example.demo.ReplyMessageManager,1,0,65
com.example.demo.RequestNewLoanTest,5,0,57
com.example.demo.SendMessageController,1,0,80
com.example.demo.SendMessageManager,0,0,47
com.example.demo.SendMessageManagerTest,5,0,66
com.example.demo.ThreadWorker_1,5,3,36
com.example.demo.ThreadWorker_2,5,3,33
com.example.demo.ThreadWorker_3,10,3,55
com.example.demo.TodoListController,6,5,92
com.example.demo.TodoListManager,6,0,69
com.example.demo.TodoListManagerTest,7,0,93
com.example.demo.TodoListModel,0,0,36
com.example.demo.UserPanelController,7,3,74
com.example.demo.UserPanelManager,0,0,63
com.example.demo.ViewLoansController,6,5,94
com.example.demo.ViewLoansManager,0,0,58
com.example.demo.ViewMessageController,0,0,40
com.example.demo.ViewMessageManager,1,0,51
com.example.demo.WelcomeController,0,0,11
com.example.demo.WelcomeManager,9,9,44
com.example.demo.WithdrawController,0,0,28
com.example.demo.WithdrawManager,0,0,49
com.example.demo.WithdrawManagerTest,4,0,61
core.ann.classifier.Activation_ReLU,9,0,49
core.ann.classifier.Activation_Sigmoid,4,0,44
core.ann.classifier.Activation_Sigmoid_Loss_BinaryCrossEntropy,11,0,64
core.ann.classifier.Activation_SoftMax,11,0,48
core.ann.classifier.Activation_Softmax_Loss_CategoricalCrossEntropy,15,0,70
core.ann.classifier.Dataset,8,0,84
core.ann.classifier.InvalidMatrixArgument,0,0,14
core.ann.classifier.InvalidMatrixAxis,0,0,5
core.ann.classifier.InvalidMatrixDimension,0,0,11
core.ann.classifier.InvalidMatrixOperation,0,0,5
core.ann.classifier.LayerDense,24,10,158
core.ann.classifier.LayerDropout,5,0,30
core.ann.classifier.Loss_BinaryCrossEntropy,10,0,68
core.ann.classifier.Loss_CategoricalCrossEntropy,17,0,71
core.ann.classifier.Matrix,317,294,963
core.ann.classifier.MatrixExceptionHandler,0,0,10
core.ann.classifier.MatrixIndexesOutOfBounds,0,0,8
core.ann.classifier.NeuralNetwork,66,12,371
core.ann.classifier.Optimizer_Adagrad,17,0,81
core.ann.classifier.Optimizer_Adam,23,0,118
core.ann.classifier.Optimizer_RMSprop,18,0,94
core.ann.classifier.Optimizer_SGD,20,0,93
core.init,1,0,12
core.python.extender.PythonInterpreter,7,0,29

Interface,CLOC,JLOC,LOC,NCLOC
core.ann.classifier.Activation,2,0,8,8
core.ann.classifier.Loss,2,0,9,7
core.ann.classifier.Optimization,0,0,7,7

Package,CLOC,CLOC(rec),JLOC,JLOC(rec),LOC,LOC(rec),LOCp,LOCp(rec),LOCt,LOCt(rec),NCLOC,NCLOCp,NCLOCp(rec),NCLOCt,NCLOCt(rec)
,0,568,0,541,15,"14,170",15,"13,072",0,"1,098",15,15,"12,803",0,"1,004"
META-INF,0,0,n/a,n/a,2,2,2,2,0,0,2,2,2,0,n/a
com,n/a,297,n/a,225,n/a,"11,298",n/a,"10,200",n/a,"1,098",n/a,n/a,"10,106",n/a,"1,004"
com.example,n/a,297,n/a,225,n/a,"11,298",n/a,"10,200",n/a,"1,098",n/a,n/a,"10,106",n/a,"1,004"
com.example.demo,0,297,225,225,"11,298","11,298","10,200","10,200","1,098","1,098","11,110","10,106","10,106","1,004","1,004"
core,0,271,0,316,17,"2,855",17,"2,855",0,0,16,16,"2,680",0,n/a
core.ann,n/a,263,n/a,316,n/a,"2,548",n/a,"2,548",n/a,0,n/a,n/a,"2,381",n/a,n/a
core.ann.classifier,0,263,316,316,"2,548","2,548","2,548","2,548",0,0,"2,381","2,381","2,381",0,n/a
core.bin,n/a,n/a,n/a,n/a,n/a,257,n/a,257,n/a,0,n/a,n/a,257,n/a,n/a
core.bin.metrics,0,0,n/a,n/a,204,204,204,204,0,0,204,204,204,0,n/a
core.bin.python,0,0,n/a,n/a,53,53,53,53,0,0,53,53,53,0,n/a
core.python,n/a,7,n/a,n/a,n/a,33,n/a,33,n/a,0,n/a,n/a,26,n/a,n/a
core.python.extender,0,7,0,0,33,33,33,33,0,0,26,26,26,0,n/a

Module,JLOC,L(CSS),L(Groovy),L(HTML),L(J),L(JS),L(JSP),L(KT),L(XML),LOC,LOCp,LOCt,NCLOC,NCLOCp,NCLOCt
demo,541,0,0,0,"10,457",0,0,0,"3,638","14,582","13,072","1,098","13,678","12,262","1,004"

FileType,LOC,NCLOC
CSV/TSV Data,204,204
Files supported via TextMate bundles,84,84
Java,"10,457","9,553"
Manifest,2,2
Markdown,175,175
Shell script,22,22
XML,"3,638","3,638"

Project,CLOC,JLOC,L(CSS),L(Groovy),L(HTML),L(J),L(JS),L(JSP),L(KT),L(XML),LOC,LOCp,LOCt,NCLOC,NCLOCp,NCLOCt
project,"1,113",541,0,0,0,"10,457",0,0,0,"3,638","14,582","13,072","1,098","13,678","12,262","1,004"

